dataset,max
iris,1.9039517203546292
wine,1.5631989840459306
swiss_roll,1.8878630925432753
penguins,3.3887810411088024
auto_mpg,1.8639096795211942
s_curve,1.5755466634072437
bank,5.470961265298589
cnae9,4.140241898173957
coil20,11.722695546208252
epilepsy,1.8486530789480362
spambase,1.0000381905369184
har,9.521209020170708
sentiment,2.2383972140700688
